experiment_id,code_ref,config_summary,train_seed,train_steps,model_sha256,suite,group_basic_j,group_coop_j,public_score,holdout_score,notes
E001,participant/_template/entry.py,SB3 PPO 自带 policy.npz（未重训）,7101（模板记载）,24576,aedfa4443847600df2fd5e59e0942bff0077849f6d27ea163baf8b4b18d5c728,public-suite-v1,0.0000,0.1333,66.67,not_measured,模板基线；basic 组完全无覆盖，低于官方学习基线 116.67
E002,outputs/proto/upperbound.py,全知 oracle 诊断（非提交策略，仅用于判断空间，不是上界）,unset,unset,unset,public-suite-v1,unset,unset,unset,125.00_optimal_matching / 141.50_nearest,留出集上最优二分匹配(125.00)反而劣于各自追最近(141.50)；141.50 是实测成绩、不是上界
E003,historical（未归档）,追最近可见目标 + 满推力；无记忆无分配,unset,unset,unset,public-suite-v1,0.0833,0.2833,183.33,135.49,朴素贪心已接近全知 oracle，意外强基线
E004,outputs/proto/policy.py（历史版本，未归档）,可达集 + 每步重分配 + 制动 + 速度估计,unset,unset,unset,public-suite-v1,0.0833,0.2833,183.33,131.59,每步重分配有害（抖动浪费位移预算）
E005,outputs/proto/policy.py（历史版本，未归档）,同 E004 但锁定首次分配,unset,unset,unset,public-suite-v1,0.0833,0.2833,183.33,135.46,锁定优于重分配
E006,outputs/proto/policy.py（历史版本，未归档）,E005 关闭制动（消融）,unset,unset,unset,public-suite-v1,0.0833,0.2833,183.33,135.46,与 E005 逐位相同；制动分支触发 0 次，属死代码消融，未检验制动概念本身
E007,outputs/proto/policy.py（历史版本，未归档）,E005 关闭速度估计（消融）,unset,unset,unset,public-suite-v1,0.0833,0.2833,183.33,135.46,与 E005 逐位相同；未区分任何假设
E008,participant/P224/entry.py（原定稿，已由 R1 取代）,可达集优先 + 锁定式选择 + bang-bang 满推力 + 避碰安全网,unset,无模型产物(纯规则),无学习权重（artifacts 内仅 policy-config.json）,public-suite-v1,0.1000,0.2833,191.67,139.35,8/8 回合 ok，碰撞率 0，act 峰值 0.267ms；holdout 列为 i.i.d. N=500 口径
E009,participant/P224/tools/bound_correct.py（判据 A，已更正）,位置松弛上界：真实目标轨迹 + 迭代法 reach + 逐步最大匹配。**判据有误**：把可达位移当各向同性标量,unset,unset,unset,public-suite-v1,0.1000,0.2833,191.67,145.57,"**本条结论已被 R1 推翻**。判据 A 只在坐标轴方向成立，沿对角漏掉最多 41.4% 可达位移，故 191.67 是**低估**而非上界。当时据此把工具报出的 225.00 误标为 bug 产物；225.00 实为精确判据 H 的正确结果。精确上界见 E027"
E010,local-dev-tool: outputs/P224/devtools/eval_candidate.py,"统一候选评测入口；i.i.d. 抽样(N=500, sample_seed=20260101)，与公开种子去重；配对 bootstrap",unset,unset,unset,public-suite-v1,0.1000,0.2833,191.67,139.35,公开套件 191.67 复现官方逐位一致（验证评测器口径正确）；i.i.d. N=500：uniform 0.140720 / crossing 0.137987 → 139.35
E011,local-dev-tool: outputs/P224/devtools/measure_coverage_duplication.py,合法去重候选：索引优先的确定性让路，替代目标须同样可达,unset,unset,unset,public-suite-v1,0.1000,0.2833,191.67,not_adopted,"负结果：去重机制确实生效（重复覆盖步占比 uniform 3.4%→2.7%、crossing 5.6%→4.8%），但配对 A/B(N=2000) Δmean_j=+0.000033 与 +0.000123 均跨 0 → 不采纳。候选文件 outputs/P224/wip/entry_w3.py 已丢失，该负结果不可独立复核"
E012,participant/P224/entry.py,reach 由闭式解(多算一步速度)改为与 MPE2 递推一致的迭代实现,unset,unset,unset,public-suite-v1,0.1000,0.2833,191.67,139.35,行为等价的正确性修复：配对 A/B(N=2000) 两布局 Δmean_j=+0.000000、CI=[0,0] 逐位相同；reach(10) 由 0.286758 修正为 0.249010
E013,local-dev-tool: outputs/P224/devtools/multiscale_smoke.py,多规模泛化冒烟（4v5 / 5v7 / 8v8）；仅验证跑通与合法性，不计分,unset,unset,unset,not_applicable,unset,unset,not_applicable,not_measured,4/4 规模全部通过；act_max 0.139/0.146/0.169/0.253 ms（限额 1000 ms）。规程 §17.1 明确更大规模不计入核验性能分
E014,participant/P224/entry.py,修正 reach 的 v0 系数：由 v0*n 改为 v0*(1-ga^n)/(1-ga),unset,unset,unset,public-suite-v1,0.1000,0.2833,191.67,147.04,行为等价的正确性修复：i.i.d. N=300 上修前/修后 score 均为 147.04，300 行逐种子 J 逐位相同
E015,outputs/P224/candidates/v3_brake_tight.py,到达目标附近（dist < 0.5*target_radius）且需停距离 >= 当前距离时反向制动,unset,unset,unset,public-suite-v1,0.1000,0.2833,191.67,139.74,配对 A/B（i.i.d. N=500）Δmean_j=+0.000387、95%CI=[+0.000087,+0.000767]，折算 +0.39 分；幅度远低于噪声底线（约 18 分）→ 不采纳
E016,outputs/P224/candidates/v5_turn_aware.py,转向感知的目标速度估计（检测到转向后只用转向后的观测拟合）,unset,unset,unset,public-suite-v1,0.1000,0.2833,191.67,139.35,负结果且是死代码：两布局 Δmean_j 与逐种子 J 均逐位相同（CI=[0,0]）。真实转向存在（uniform 8.27% 目标-步、crossing 7.36%），但检测阈值 jump > 4*|上一拍估计位移| 过松，分支从未触发
E017,outputs/P224/candidates/v1_lock_refresh.py,锁定 + 每步复核已锁目标是否仍可达（不可达才改选）,unset,unset,unset,public-suite-v1,0.1000,0.2833,191.67,139.39,配对 A/B（i.i.d. N=500）合并 Δmean_j=+0.000033、95%CI=[+0.000000,+0.000100]，CI 下界为 0 → 不满足预登记判据
E018,outputs/P224/candidates/v2_visible_only.py,只在当前可见目标中选择（不可见目标不再参与选择）,unset,unset,unset,public-suite-v1,0.1000,0.2833,191.67,139.35,逐位相同：不可见但仍在记忆中的目标从未改变过选择
E019,outputs/P224/candidates/v4_no_target_center.py,无任何目标信息时朝场地中心施加满推力（替代原地静止）,unset,unset,unset,public-suite-v1,0.1000,0.2833,191.67,138.82,显著为负：Δmean_j=-0.000533、95%CI=[-0.000813,-0.000293]，折算 -0.53 分。验证"无信息时保持静止"优于盲目占位
E020,outputs/P224/candidates/v8_nearest_per_step.py,去掉锁定（每步重选最近可预测目标）且去掉可达性主键,unset,unset,unset,public-suite-v1,0.1000,0.2833,191.67,139.70,配对 A/B（N=500）Δmean_j=+0.000347、95%CI=[+0.000033,+0.000827]，但后 250 个种子单独配对时 CI 跨 0 → 子集不稳定，不采纳
E021,outputs/P224/candidates/v9_reach_per_step.py,每步重选（保留可达性主键、去掉锁定），用于因果归因,unset,unset,unset,public-suite-v1,0.1000,0.2833,191.67,139.70,与 E020 逐位相同：说明在定稿实现上可达性主键对选择结果无影响，E020/E021 的差异完全来自"是否锁定"
E022,participant/P224/entry.py,只把可达判据由 A（各向同性 s_k）换成 H（盒约束最小二乘精确解）,unset,unset,unset,public-suite-v1,0.1000,0.2833,191.67,138.29,负结果：配对 Δmean_j=-0.00033（±0.00049），胜/平/负=0/298/2，**逐种子逐位相同**。原因：原控制律是"朝目标单位方向满推力"，到不了"对角可达"的点，判据放宽但动作跟不上
E023,participant/P224/entry.py,E022 + 提前量瞄准（朝最早可拦截步的预测点瞄准）,unset,unset,unset,public-suite-v1,0.1000,0.2833,191.67,138.47,配对 Δmean_j=-0.00016（±0.00055），胜/平/负=6/290/4 → 无收益。仅改瞄准点而不改控制律不足以捕获对角可达机会
E024,participant/P224/entry.py,E022 + 逐分量最优位移控制律（替代单位方向满推力）,unset,unset,unset,public-suite-v1,0.1000,0.3100,205.00,151.51,**首次显著正收益**：配对 Δmean_j=+0.01289（95%CI ±0.00282），折算 +6.44 分，胜/平/负=99/192/9。说明收益来自控制律而非可达判据
E025,participant/P224/entry.py,E024 + 命中点规划（最小拦截步 k* + 终点位移反解控制序列）,unset,unset,unset,public-suite-v1,0.1167,0.3267,221.67,157.19,**最终采纳**。配对 Δmean_j=+0.01783（95%CI ±0.00187），折算 +8.92 分，胜/平/负=389/567/44；公开套件 8/8 回合 ok，act p95=0.24ms
E026,participant/P224/entry.py（候选，已否决）,E025 + 预测式避碰（预测下一时刻位置，按穿透深度施加侧向力）,unset,unset,unset,public-suite-v1,0.1167,0.3267,221.67,156.73,否决：预测式避碰未降低碰撞（23→24 回合，1000 回合口径）。正确方向应为解析消解（求使 |Δp'|>=0.10 可行的控制区间再投影）
E027,participant/P224/tools/bound_correct.py（判据 H，精确）,精确上界：目标点到 k 步可达 zonotope 的欧氏距离 <= r_t，逐分量盒约束最小二乘闭式解,unset,unset,unset,public-suite-v1,0.1167,0.3333,225.00,164.83,"**更正 E009**。逐场景：basic-0=0.0667 basic-1=0.1667 coop-0=0.1000 coop-1=0.5667。判据 H 的关键：r_t 是欧氏球，|d|-r_t 的单位球等于 (|d_x|,|d_y|) 的 l∞ 盒，故缺口必须用 l∞ 形式。留出集(i.i.d. N=500)：uniform 0.168467 / crossing 0.161200 → 164.83。三方独立验证（穷举端点 + 闭式 + 盒约束 LP）一致；判据分歧对经 MPE2 真实物理回放确认 H 正确、支撑函数判据(241.67)高估"
E028,exact_geometry.py / divergence_check.py（工作区复核脚本，未入提交目录）,四判据对账 + 分歧对真实物理回放：穷举端点、闭式、盒约束 LP、支撑函数,unset,unset,unset,public-suite-v1,unset,unset,not_applicable,not_measured,"40000 组随机 (d,k)：A 与 H 不一致 2.8%、C 与 H 不一致 1.4%。C 与 H 的公开套件分歧仅 3 个组合：basic-0 (2,0,8)、coop-1 (0,2,3)、coop-1 (1,0,5)；按 H 最优控制回放，最小距离 0.1628/0.1508/0.1545 均 > r_t=0.15 → C 高估。复核脚本留在工作区，不随提交入库"
